"Refs","Value","Footprint","Qty","DNP"
"C1","100nF","Capacitor_THT:C_Disc_D3.0mm_W1.6mm_P2.50mm","1",""
"C2","100nF","Capacitor_THT:C_Disc_D3.0mm_W1.6mm_P2.50mm","1",""
"C3","100nF","Capacitor_THT:C_Disc_D3.0mm_W1.6mm_P2.50mm","1",""
"C4","100nF","Capacitor_THT:C_Disc_D3.0mm_W1.6mm_P2.50mm","1",""
"C5","10uF","Capacitor_THT:CP_Radial_D5.0mm_P2.00mm","1",""
"J1","P4 pins 1-20","Connector_PinSocket_2.54mm:PinSocket_1x20_P2.54mm_Vertical","1",""
"J2","Button 1 (JST-XH)","Connector_JST:JST_XH_B4B-XH-A_1x04_P2.50mm_Vertical","1",""
"J3","Button 2 (JST-XH)","Connector_JST:JST_XH_B4B-XH-A_1x04_P2.50mm_Vertical","1",""
"J4","Button 3 (JST-XH)","Connector_JST:JST_XH_B4B-XH-A_1x04_P2.50mm_Vertical","1",""
"J5","Button 4 (JST-XH)","Connector_JST:JST_XH_B4B-XH-A_1x04_P2.50mm_Vertical","1",""
"J6","Spare GPIO2/3","Connector_PinHeader_2.54mm:PinHeader_1x04_P2.54mm_Vertical","1",""
"J7","P4 pins 21-40","Connector_PinSocket_2.54mm:PinSocket_1x20_P2.54mm_Vertical","1",""
"Q1","BC547","Package_TO_SOT_THT:TO-92_Inline","1",""
"Q2","BC547","Package_TO_SOT_THT:TO-92_Inline","1",""
"Q3","BC547","Package_TO_SOT_THT:TO-92_Inline","1",""
"Q4","BC547","Package_TO_SOT_THT:TO-92_Inline","1",""
"R1","1k","Resistor_THT:R_Axial_DIN0207_L6.3mm_D2.5mm_P7.62mm_Horizontal","1",""
"R2","1k","Resistor_THT:R_Axial_DIN0207_L6.3mm_D2.5mm_P7.62mm_Horizontal","1",""
"R3","1k","Resistor_THT:R_Axial_DIN0207_L6.3mm_D2.5mm_P7.62mm_Horizontal","1",""
"R4","1k","Resistor_THT:R_Axial_DIN0207_L6.3mm_D2.5mm_P7.62mm_Horizontal","1",""
"R5","1k","Resistor_THT:R_Axial_DIN0207_L6.3mm_D2.5mm_P7.62mm_Horizontal","1",""
"R6","1k","Resistor_THT:R_Axial_DIN0207_L6.3mm_D2.5mm_P7.62mm_Horizontal","1",""
"R7","1k","Resistor_THT:R_Axial_DIN0207_L6.3mm_D2.5mm_P7.62mm_Horizontal","1",""
"R8","1k","Resistor_THT:R_Axial_DIN0207_L6.3mm_D2.5mm_P7.62mm_Horizontal","1",""
"R9","10k","Resistor_THT:R_Axial_DIN0207_L6.3mm_D2.5mm_P7.62mm_Horizontal","1",""
"R10","10k","Resistor_THT:R_Axial_DIN0207_L6.3mm_D2.5mm_P7.62mm_Horizontal","1",""
"R11","10k","Resistor_THT:R_Axial_DIN0207_L6.3mm_D2.5mm_P7.62mm_Horizontal","1",""
"R12","10k","Resistor_THT:R_Axial_DIN0207_L6.3mm_D2.5mm_P7.62mm_Horizontal","1",""
"R13","0R","Resistor_THT:R_Axial_DIN0207_L6.3mm_D2.5mm_P7.62mm_Horizontal","1",""
"R14","0R","Resistor_THT:R_Axial_DIN0207_L6.3mm_D2.5mm_P7.62mm_Horizontal","1",""
"R15","0R","Resistor_THT:R_Axial_DIN0207_L6.3mm_D2.5mm_P7.62mm_Horizontal","1",""
"R16","0R","Resistor_THT:R_Axial_DIN0207_L6.3mm_D2.5mm_P7.62mm_Horizontal","1",""
